metric,texas,california,advantage,note
State Income Tax,0%,1%–13.3% (+ 1.1% SDI),texas,California has the highest state income tax rate in the US
Property Tax (effective),1.8%–2.35%,0.68%–0.87% (Prop 13),california,CA Prop 13 caps assessed value increases at 2%/yr
Median Home Price (statewide),"$335,000","$850,000",texas,Zillow/Redfin 2025–2026 statewide median
Average Rent (1BR),"$1,100–$1,450","$1,650–$2,950",texas,Range spans major metros in each state
Grocery Cost Index,96.5 (below avg),113.8 (above avg),texas,"C2ER Cost of Living Index, 100 = national average"
Gas Price (avg/gal),~$2.90,~$4.90,texas,"AAA state average, March 2026"
Auto Insurance (full coverage),"$2,394/yr","$2,462/yr",tie,Nearly identical; varies by metro and driving record
Homeowner's Insurance ($300K),"$4,400/yr","$1,452/yr",california,"TX 3x higher due to hail, wind, and flood risk"
Minimum Wage,$7.25/hr,$16.50/hr,california,TX follows federal minimum; most TX employers pay above it
Uninsured Rate,16.6% (highest in US),6.5%,california,TX has not expanded Medicaid under the ACA
Medicaid Expansion,No,Yes,california,~5M Texans lack coverage vs. broader CA safety net
Sales Tax (combined avg),6.25%–8.25%,7.25%–10.25%,texas,Both states have high combined sales tax rates
Fortune 500 HQs,55,53,texas,TX overtook CA in 2024; gap is widening
Top Natural Hazard,Hurricanes / Tornadoes / Floods,Earthquakes / Wildfires,tie,Different risk profiles; neither state is hazard-free
Transit Infrastructure,Car-dependent (DART in DFW),"Better (LA Metro, BART, Muni)",california,CA has more transit options in its major metros
